,file path,Instrument,Dastgah,Sample rates,Audios,Chroma stft,Spectral bandwidth,Spectral rolloff,Mel Spectogram,rms,Zero crossing rate,Chroma Cens_0,Chroma Cens_1,Chroma Cens_2,Chroma Cens_3,Chroma Cens_4,Chroma Cens_5,Chroma Cens_6,Chroma Cens_7,Chroma Cens_8,Chroma Cens_9,Chroma Cens_10,Chroma Cens_11,Chroma Cens_12,Chroma Cens_13,Chroma Cens_14,Chroma Cens_15,Chroma Cens_16,Chroma Cens_17,Chroma Cens_18,Chroma Cens_19,Chroma CQT_0,Chroma CQT_1,Chroma CQT_2,Chroma CQT_3,Chroma CQT_4,Chroma CQT_5,Chroma CQT_6,Chroma CQT_7,Chroma CQT_8,Chroma CQT_9,Chroma CQT_10,Chroma CQT_11,Chroma CQT_12,Chroma CQT_13,Chroma CQT_14,Chroma CQT_15,Chroma CQT_16,Chroma CQT_17,Chroma CQT_18,Chroma CQT_19,Tonnetz_0,Tonnetz_1,Tonnetz_2,Tonnetz_3,Tonnetz_4,Tonnetz_5,MFCC_0,MFCC_1,MFCC_2,MFCC_3,MFCC_4,MFCC_5,MFCC_6,MFCC_7,MFCC_8,MFCC_9,MFCC_10,MFCC_11,MFCC_12,MFCC_13,MFCC_14,MFCC_15,MFCC_16,MFCC_17,MFCC_18,MFCC_19,MFCC_20,MFCC_21,MFCC_22,MFCC_23
900,/content/drive/MyDrive/Final Project/D_6/I_4/Hassan Kasaei (0-30).mp3,4.0,6.0,22050,"[-0.10162333 -0.1852763  -0.02961643 ...  0.10062061  0.03751444
  0.        ]",0.2011479,2005.7837585092425,3982.1187667669665,1.973402,0.10713695,0.2268315644939095,0.13681203226632596,0.18659270574534134,0.1348349761006197,0.026657103275899846,0.09519379651368917,0.17942422924148754,0.05824574393181945,0.28990363164445343,0.11140690033647861,0.025229817942179458,0.015638824505131266,0.12424197572014178,0.23199686190187174,0.26748037148049564,0.09679033339375956,0.23238299708980822,0.14092911801013774,0.02050097592275362,0.013159815780443698,0.13897878341452796,0.27963287,0.3365776,0.25479335,0.14178519,0.21683858,0.30540293,0.17829892,0.44166645,0.25673094,0.14930674,0.13680936,0.25318053,0.40588447,0.4237671,0.22995526,0.36794075,0.2646464,0.15878463,0.15864103,0.27553388,-0.04272812381145406,0.02884332967887843,-0.05592148328251912,0.20500797591887332,0.02476925559684586,0.0026007399404326865,-313.73456,17.057974,-53.25591,25.459251,-19.563028,-12.48682,18.457722,15.844252,7.7072,6.027431,-9.816182,-12.882566,-2.3631022,5.411449,1.836154,1.4112966,-8.623147,7.6624146,-0.29922917,4.1771727,-2.2268558,7.770771,0.8475072,-2.2081406
901,/content/drive/MyDrive/Final Project/D_6/I_4/Hassan Kasaei (90-120).mp3,4.0,6.0,22050,"[ 1.6890441e-01  1.2313228e-01 -7.4872687e-02 ... -3.3264625e-04
  1.1017213e-04  0.0000000e+00]",0.17885461,2005.7837585092425,4794.984694478683,2.295275,0.09909906,0.16828992803799303,0.06870064231853086,0.11423642787423983,0.10347265469582474,0.1892184844088598,0.3070663952878042,0.055380306496272416,0.024272901384532346,0.1693426015306246,0.5215918163958578,0.24931575074808712,0.22330590505762093,0.0281592732687438,0.10153384737332553,0.07960585395416285,0.10742694991254549,0.0968828702318317,0.051144124402383036,0.0010294879867921215,0.011273800241839277,0.04031817478067044,0.17632693,0.23054709,0.2272132,0.30714053,0.46201622,0.17984515,0.15442595,0.2681327,0.63213813,0.3603361,0.34295398,0.15183324,0.23606017,0.19796629,0.21061812,0.21443251,0.1542524,0.10462634,0.10365588,0.15406439,-0.0045254880142496815,0.08597997018263578,-0.21264647329960862,-0.08606492832795803,-0.08862263536367554,0.000917683038946888,-215.00018,39.772278,-46.24066,11.7945595,-9.449989,-24.25537,-15.89902,2.8817182,-24.332542,30.211159,4.521618,7.916565,8.048591,-13.932617,-17.83172,0.28738964,-11.537032,-1.8844705,-2.264646,14.760127,15.0008135,15.403886,-5.3156013,4.424191
902,/content/drive/MyDrive/Final Project/D_6/I_4/Hassan Kasaei (150-180).mp3,4.0,6.0,22050,"[ 8.3121277e-02  1.3351025e-01  5.3421613e-02 ... -5.2397507e-05
 -1.1357111e-03  0.0000000e+00]",0.1774505,2005.7837585092425,4843.209576883338,1.1046886,0.06715389,0.1943047826638631,0.11343272827708151,0.09721159811026454,0.3097241526355228,0.10431823362897374,0.27989738315543694,0.13320955961790237,0.014663642498826972,0.039640522514633375,0.3393785905807445,0.20288688002035507,0.11276975987531374,0.03056861818435222,0.14082143075835932,0.13265977469412202,0.20275731526471677,0.10678668656359669,0.10726371303545774,0.045485384678015,0.008046724820142336,0.006307096984804756,0.21162431,0.21423042,0.45172453,0.20143045,0.40832752,0.25187913,0.1313332,0.16161744,0.4520196,0.32335234,0.21887387,0.14203167,0.26899767,0.24038756,0.29784137,0.21375407,0.21012923,0.1422432,0.1105358,0.12642923,-0.05921171356794795,0.030030955959721148,-0.21657823556342715,0.007461144352274871,-0.04200000294094525,-0.04745732767498257,-321.60907,27.869513,-40.298958,10.281105,-7.2199235,-23.090218,4.069592,9.067292,-18.476006,23.114405,0.64571625,9.691232,20.358871,-5.7904725,-13.812204,-1.8455372,-13.753742,1.7403136,2.6919537,12.021744,2.1179872,8.815697,2.6746664,3.7857957
903,/content/drive/MyDrive/Final Project/D_6/I_4/Hassan Kasaei (270-300).mp3,4.0,6.0,22050,"[-2.6861342e-05 -6.7794349e-06 -3.3172033e-05 ... -6.1839083e-03
 -6.8139220e-03  0.0000000e+00]",0.13928877,2005.7837585092425,4456.886491300334,2.1952102,0.10203806,0.1732527112905562,0.10761417346808205,0.044777774312611936,0.088046676193655,0.06690851354850902,0.2579083828476321,0.1690989603547691,0.023310539122686973,0.14353240329162723,0.5786930162176657,0.2097695055892919,0.1802098936985645,0.03516325464530756,0.06102669688326585,0.05569823165673554,0.17170929603016208,0.10357005699752295,0.04696921412637424,0.0036185262981090448,0.0,0.037959110103913625,0.14099783,0.11044869,0.16446991,0.13648748,0.33369207,0.23834363,0.09355936,0.1847408,0.66774076,0.26381803,0.25719035,0.11175917,0.13317627,0.117180005,0.19339766,0.1552507,0.106504485,0.06417833,0.053058792,0.09614529,-0.12163616082296283,0.17421761587772458,-0.27559344922052137,-0.043831131842176185,-0.11742361363136906,0.019446678705694623,-249.0154,28.810139,-45.19037,12.963891,-16.474644,-31.480097,-18.130934,0.07483631,-18.761843,39.634388,13.667175,20.421011,13.723797,-19.548147,-22.816212,-2.1794212,-9.00724,-1.1015111,-3.196941,15.819052,19.903086,15.819142,-8.0178175,-1.0012499
904,/content/drive/MyDrive/Final Project/D_6/I_4/Hassan Kasaei (530-560).mp3,4.0,6.0,22050,"[ 0.11242929  0.23832141  0.27377477 ... -0.0241553  -0.03690042
  0.        ]",0.13791765,2005.7837585092425,4966.0137840324105,3.3380055,0.11789297,0.13166656848172853,0.04127525675664241,0.04389909943237429,0.012029327373588191,0.018175211682893103,0.0678837287977669,0.025096991176383397,0.013836964047973363,0.11398215588220803,0.44423794644142084,0.3985996002786218,0.43441977647606034,0.1286886454450691,0.2844112883074157,0.19733981889782173,0.07013004450797733,0.015241761876784183,0.013583744277520689,0.0011744896109293296,0.01047154924125954,0.018209889988078768,0.14539707,0.15449995,0.11973591,0.12294732,0.1922181,0.14007317,0.12965107,0.21485671,0.5380123,0.4703372,0.55237573,0.23945843,0.4194125,0.31049806,0.19797648,0.13868965,0.11785165,0.099555686,0.10835318,0.13432978,-0.029894211079188802,0.03915049124230162,-0.09038540056913183,-0.06740179927825246,-0.04568778449896618,-0.00045146683140242036,-133.4285,58.004524,-51.751137,10.974252,-15.985965,-17.078999,-17.364273,6.7031155,-33.48612,22.807703,-10.75152,-9.100052,-6.394066,-14.075678,-22.783747,1.0970759,-5.7559566,12.681364,16.705904,26.227077,15.800571,8.699253,-11.022917,-5.1392555
905,/content/drive/MyDrive/Final Project/D_6/I_4/rasoul_akbari_haji_hasssani.mp3,4.0,6.0,22050,"[-6.8081498e-01 -1.0510377e+00 -9.2353857e-01 ... -1.8443822e-06
  2.6373758e-05  0.0000000e+00]",0.1401083,2005.7837585092425,3158.706507985936,48.263325,0.37893113,0.08136805467961655,0.062028177531396014,0.04062911301301304,0.05147676660457284,0.02866738027265142,0.11086373997524245,0.05685507454635005,0.1047973423373446,0.1204787568766007,0.05082051888416513,0.036283921589422015,0.23043674671113112,0.13049169085714651,0.2615355880242857,0.4065168107447185,0.06969567462435153,0.14346188907946011,0.24743626742175417,0.049360544191613544,0.09205766532991314,0.07129187619581602,0.14772455,0.12247171,0.12248717,0.10706108,0.18257174,0.13693719,0.17441244,0.18905133,0.12156883,0.11841007,0.27597192,0.17685753,0.2572367,0.43354037,0.13445885,0.1879935,0.28759417,0.12055674,0.155962,0.14807445,-0.06933077291148626,-0.10325920888012376,0.08260257066359518,0.05532213136923134,0.0011898982108365617,-0.010094919461917429,-227.76012,52.694416,-53.578297,-1.4617851,-29.846556,-35.592567,9.96331,30.548845,9.6422205,14.248901,12.967074,-2.156678,-9.47544,-5.027105,-1.9962432,2.6150367,2.6867278,6.18023,-0.99207747,1.0088317,-9.957108,0.3362164,4.368828,2.434216
906,/content/drive/MyDrive/Final Project/D_6/I_4/Kasaei_dastgahe chahargah-[AudioTrimmer.com].mp3,4.0,6.0,22050,"[ 0.20007324  0.21890259  0.18374634 ... -0.01895142  0.056427
  0.11404419]",0.1705688,2005.7837585092425,3529.870725093717,1.9485201,0.08579918,0.14238476493319296,0.09614869465162647,0.10934406325901314,0.12623151776759273,0.0793309127356817,0.200772152346222,0.11007458893746716,0.030237378623449707,0.1713908370516589,0.4190291093933906,0.2452528509855308,0.22736876259007144,0.06833242748577205,0.16600659384352087,0.12744451893553463,0.09186442560861383,0.061875209030844446,0.05587838431053473,0.01429605567008778,0.015753917023038022,0.04461050817874505,0.20691341,0.23400322,0.2478695,0.19320075,0.32861754,0.23211806,0.16139184,0.2781236,0.5504981,0.34539223,0.3457329,0.19441535,0.30335817,0.24602415,0.21094665,0.18328407,0.16217567,0.12089766,0.11691479,0.15836145,-0.030679737781179578,0.05914624732718036,-0.14730609856822655,-0.0013859470860930205,-0.04786384236734937,-0.011783527750859798,-295.62292,82.55149,-74.0417,35.355106,-15.98456,-24.633575,0.49198458,-3.346889,-9.493225,8.551947,12.723952,-16.081377,9.787499,-16.150642,-22.242107,5.735751,-17.491266,6.2597823,10.053582,11.614304,25.571522,5.1001315,1.7898239,-7.371837
907,/content/drive/MyDrive/Final Project/D_6/I_4/Y2Mate.is - نی نوازی در دستگاه  چهارگاه از حامد امجدیان-pV9tfx5cQcU-160k-1658233540460.mp3,4.0,6.0,22050,"[-0.04082162 -0.07317293 -0.05626412 ... -0.0002314  -0.00027043
  0.        ]",0.1382449,2005.7837585092425,3331.3676370261464,3.5150123,0.107491,0.1245063062568751,0.31638659125537955,0.07922751426424109,0.17976030712517382,0.06008743619151594,0.03830728466040314,0.144964470285451,0.23061282413066778,0.12336373507814859,0.2149371435087147,0.10877534847800287,0.03465126991964274,0.11712265575479863,0.11184871016111113,0.030266082152894936,0.07242739471671412,0.010408110518283166,0.008993700759579096,0.10440186736439103,0.1236482689681293,0.10792526327843285,0.38993782,0.13629095,0.24988344,0.12238829,0.10648666,0.21869338,0.31175935,0.18260138,0.29340467,0.17287841,0.104785405,0.18062344,0.17185535,0.09555335,0.13370496,0.07401022,0.0677337,0.16031498,0.1868504,0.15594591,-0.06580616513286049,0.14750901010773135,0.032528395422854205,0.19235514909484652,0.02052966594854461,0.02151696517913341,-302.9195,46.01357,-75.42729,10.548381,-35.665497,-31.034002,11.961748,7.5836024,-14.11693,-11.040709,-12.301516,-20.048826,7.7254705,-1.0219822,-15.234247,-7.9880342,-9.362413,-4.6360908,0.7162419,18.259478,16.775732,11.226511,10.422595,1.4942698
908,/content/drive/MyDrive/Final Project/D_6/I_4/64.mp3,4.0,6.0,22050,[0.14471021 0.23010243 0.20905516 ... 0.         0.         0.        ],0.16137104,2005.7837585092425,3397.2938802509857,2.8797498,0.09766096,0.05854911248614121,0.5093991608443958,0.16135110692637009,0.10880316135299659,0.004448923481618029,0.06523319020023587,0.1595943139646206,0.08981599852616884,0.10014116969659495,0.009715558586426557,0.030635074135669328,0.1143816812463768,0.027332447541337703,0.06111769815244747,0.05802110191577764,0.002779830290617527,0.021451507954622886,0.11841695126916718,0.20940038430945662,0.2733464743429851,0.4187926536285674,0.7020047,0.329004,0.27735245,0.17211524,0.21475184,0.335459,0.23576418,0.26264393,0.14928184,0.17938298,0.29122108,0.19896646,0.22624944,0.23225576,0.16582575,0.19194856,0.28980353,0.36072925,0.43463546,0.5927268,-0.023718465705681882,0.014704299886149358,0.173602441813633,0.13520992550773767,0.007161844241981234,0.07249428403177247,-250.89601,95.46988,-2.422735,36.688747,-4.0328636,-0.25235206,1.3524549,9.562582,-5.3443975,11.19738,0.039250843,2.1071756,-2.5035067,-3.8428652,-11.774864,-0.2932539,-10.320933,-3.1474566,-5.936851,7.5379376,5.568865,11.309896,8.514521,9.397522
909,/content/drive/MyDrive/Final Project/D_6/I_4/ney.mp3,4.0,6.0,22050,"[-0.31625366 -0.4013672  -0.4104004  ...  0.00164795  0.00680542
  0.01025391]",0.14479037,2005.7837585092425,2958.8733528233784,14.689729,0.22446616,0.07315823196861815,0.10172176057460679,0.1179206949771714,0.13766141249239777,0.12206025376156654,0.06668027562491417,0.07750237484521462,0.04872162038774774,0.04022055134999782,0.2191099223250824,0.21238702273251836,0.11253326885594109,0.12027101017497298,0.057123392807552964,0.04152540256293614,0.17763562799233906,0.12025749030225048,0.07176701436940253,0.2787989575110061,0.1281230262447852,0.041768128784960626,0.19873767,0.20715025,0.24072127,0.22026671,0.16436513,0.17935279,0.15339023,0.1443028,0.31962025,0.29852948,0.20927988,0.22101165,0.1649934,0.14647229,0.26407343,0.2084925,0.16734071,0.3579647,0.20994304,0.14754386,-0.1088082522150811,0.0788897980820095,-0.1560046227462691,-0.13118250556314787,-0.019801781133233207,-0.017214245492354664,-213.95016,106.5125,-47.24562,25.06656,-26.67343,-16.526865,11.457961,9.981871,-7.339383,4.1342196,-14.194774,-14.286991,-5.888764,-8.093841,-5.580625,-11.87589,-4.0890255,-3.552685,1.0127287,2.0994866,7.892935,3.644026,-1.1726443,-0.5256405
910,/content/drive/MyDrive/Final Project/D_6/I_4/index.html_VALID=TRUE_attid=199796_VALID=TRUE_q=10_g=254388_t=2_w=4.mp4,4.0,6.0,22050,"[-0.02093223 -0.01220847  0.01406105 ...  0.          0.
  0.        ]",0.18511401,2005.7837585092425,5573.005877430416,1.1117369,0.067673065,0.2052465113796222,0.15748514768171004,0.1149292876848069,0.141831082069207,0.05351780325386342,0.016633996477133952,0.08310523422916513,0.07444504663141353,0.03929726188836534,0.049632257260094216,0.06359626100282419,0.08891402916272927,0.23857306087190172,0.6106394425542561,0.24201835203069585,0.09720086991934176,0.005241980742270091,0.01940105751458302,0.12226328138390095,0.09255960228254992,0.21799252544109124,0.27732325,0.22944249,0.26258177,0.16170815,0.1364581,0.18298922,0.18009233,0.13527681,0.15265797,0.17617512,0.19553497,0.36039895,0.71506757,0.33159673,0.20011264,0.10012466,0.11214182,0.21703275,0.19213587,0.32560375,-0.007853544379504529,0.08469641191920287,0.2230525564052716,0.07093862884594065,0.05236935133679192,-0.046197744641041816,-296.27463,8.693449,-33.690243,24.615643,-19.427717,-8.886243,12.824773,29.036633,11.547861,21.054321,7.120847,6.1260767,18.36544,35.48203,2.507221,15.647991,-2.1142986,-1.2380921,-3.317298,14.887984,2.0894248,6.144435,-2.2252295,6.4332576
911,/content/drive/MyDrive/Final Project/D_6/I_4/index.html_VALID=TRUE_attid=400406_VALID=TRUE_q=10_g=521541_t=1_w=4.mp4,4.0,6.0,22050,"[-0.02194733 -0.03142764 -0.04239179 ...  0.          0.
  0.        ]",0.15041934,2005.7837585092425,3357.5444438184245,1.1843559,0.06688512,0.10011729950473543,0.4183451111222201,0.3346225811132322,0.1496696452243866,0.1975008267544673,0.10083370389051725,0.10286904586182745,0.06336040486731712,0.026183092128823155,0.013512292563612579,0.18862111110416235,0.15407168814281547,0.16451736964268604,0.04501234118251937,0.01590277265345886,0.05011240784188291,0.14842653720472287,0.05460430434465269,0.11428113377041463,0.11793875494241861,0.2292301213633734,0.5638392,0.46953133,0.30549312,0.36289135,0.26968363,0.25920838,0.2039109,0.16478021,0.14903119,0.33037484,0.29579657,0.32105637,0.20167695,0.16282971,0.20762064,0.29467008,0.2247431,0.28327262,0.2843535,0.3694746,0.03929297283723683,0.06437034723089897,-0.02935592658015133,-0.03113169361910811,-0.0077565108076922155,0.06918523866490636,-266.48773,96.49206,-39.12259,26.87173,-13.197459,-17.994654,8.043423,-1.340954,-11.610172,-4.1340227,-3.7898133,-12.470461,-9.06351,-10.440087,-19.056398,-4.813902,-14.66026,-3.351945,0.36231112,-1.0592319,1.5878273,5.4497547,1.0704322,12.402021
912,/content/drive/MyDrive/Final Project/D_6/I_5/mix-Chahargah-Alizadeh-kasaii-salamesobhgahi.mp3,5.0,6.0,22050,"[-0.37644958 -0.33251953 -0.3008728  ...  0.          0.
  0.        ]",0.21445511,2005.7837585092425,2254.8258069332246,3.3456767,0.11003214,0.07660223630966446,0.322838847234201,0.2216136670704925,0.07854825404214363,0.1660036886350907,0.07469721881992065,0.04568169659774825,0.08033677900439935,0.24200625844276966,0.1372861676228492,0.10929228285845605,0.015146145554334018,0.022188519651680626,0.21969131343538667,0.07214448324257014,0.07988043713874975,0.10883618191661194,0.040913931665182694,0.2238868553176058,0.3600756599234052,0.3275673013494876,0.55791754,0.46320704,0.30795595,0.40354064,0.30774036,0.26880416,0.30729783,0.4859086,0.35076493,0.33361074,0.22674258,0.23034078,0.4490592,0.3080657,0.31934717,0.34075785,0.27455616,0.45611885,0.6017542,0.5602815,0.07608889810868248,0.042020364597353164,0.05280719130154258,0.0987619215974977,-0.020313627639812253,-0.02882714957450072,-206.62288,181.5545,-44.798542,27.044254,-9.321962,-15.077788,11.276566,-20.054531,-3.5544555,0.13685781,-6.888018,-2.4469473,-7.4735074,-5.280637,-9.888479,-2.6543808,-0.5968009,-8.380974,0.3979124,-1.4637132,-2.7414548,-1.5017564,-3.2351089,3.7289433
913,/content/drive/MyDrive/Final Project/D_6/I_5/Siavash_kamkar_tarkibi_4gah.mp3,5.0,6.0,22050,"[-0.00128342 -0.0023408  -0.00259041 ...  0.08128428  0.07661168
  0.0458777 ]",0.16769582,2005.7837585092425,3364.3921559809164,0.99656624,0.057118684,0.10279389844959365,0.4784082915165057,0.03751731777349418,0.21913910663278505,0.13108522783749874,0.02720784711939148,0.01994028476780188,0.12526802468987477,0.15737039091651095,0.08081146134846844,0.043128027054797,0.03919708221547674,0.09020643800542559,0.3215742309758622,0.018911533832431736,0.24527951316156307,0.021920184630169245,0.0004436318548434361,0.0028799995594502607,0.2726970029615132,0.10060188250008788,0.631737,0.13031144,0.3356897,0.23781906,0.12222667,0.102232926,0.2355128,0.27561864,0.17615607,0.14258397,0.13105848,0.18637376,0.4427039,0.108799495,0.3680371,0.10106707,0.070167534,0.07330583,0.38915405,0.19754386,0.11565918469675819,0.10468635072974466,0.10747931754532229,0.2621615470714389,0.021518702517422803,-0.016483534665486917,-255.77727,81.15538,-52.91753,-12.433088,-30.67411,-21.689367,-26.472023,-17.026342,-20.105461,-16.31945,-12.713785,-2.1233459,-4.6967,2.9769144,-5.4704165,-0.4515775,-12.060174,-6.8192735,-10.384176,-0.3089368,-4.184156,-8.123264,-11.043211,0.4527563
914,/content/drive/MyDrive/Final Project/D_6/I_5/hooshmand_ebadi_tarkibi_4gah.mp3,5.0,6.0,22050,"[-0.01272503 -0.00351569  0.01295999 ...  0.          0.
  0.        ]",0.17565551,2005.7837585092425,2641.725791778657,2.1078725,0.08411016,0.0719212255356602,0.2554113689313149,0.190593175726656,0.03505690609096237,0.0375596403847588,0.05792458875824994,0.03059717757411387,0.06712870346679188,0.024438534346484506,0.07942810850906135,0.01677742955921532,0.06404489385833587,0.06492490684402345,0.08984402498530943,0.01834233612147057,0.009554175841843858,0.03795075796177602,0.08521727795578829,0.32575023632123445,0.5172206749895789,0.43976487546015114,0.4381712,0.36343965,0.21597198,0.18013339,0.19582744,0.1495016,0.20974566,0.18951632,0.24421042,0.16021311,0.20717807,0.20965038,0.27274242,0.19644608,0.18460509,0.22375222,0.26815394,0.51718694,0.8322097,0.67059463,0.03951356343927259,-0.048548425247621756,0.18419909502862628,-0.036118052851325494,-0.030296286961078854,-0.0492175173987186,-253.28206,115.94809,-5.0114675,18.111769,0.79263264,-14.469078,20.394594,1.7696626,-23.240469,4.1977787,-6.436895,6.7240214,1.6051654,-12.386296,-11.497316,3.3466017,-2.7428434,10.607969,0.5595989,1.2931457,-5.820672,3.6101859,0.004201401,9.041321
915,/content/drive/MyDrive/Final Project/D_6/I_5/Kourosh_Babaei_tarkibi_4gah.m4a,5.0,6.0,22050,"[-0.11697259 -0.17250791 -0.14514825 ... -0.05166434 -0.07542372
 -0.03980568]",0.23334962,2005.7837585092425,3388.0601064713637,3.658486,0.11558578,0.0870491055335256,0.30751736604196195,0.13230967261458218,0.17769093807938982,0.18046045784115436,0.20028073373621963,0.0446626215644929,0.14787474289047564,0.19523919395638573,0.048324748866308144,0.03248762633752923,0.05180077110828555,0.10393806886804992,0.3070007875251476,0.17223779881050602,0.11705655342287712,0.03543140226342969,0.039787385678525244,0.035221752334802556,0.13579135911074247,0.300002639797819,0.5555432,0.34738562,0.40278268,0.41245687,0.42901388,0.2578418,0.37241468,0.42088413,0.25208434,0.22840878,0.26317826,0.32374254,0.542125,0.39651343,0.32849434,0.21983775,0.2171586,0.24452671,0.355535,0.55025846,0.09792128336911239,0.001403174542189976,0.1313897069459662,0.10419530869359507,0.00986975786737952,-0.030055854811951492,-155.56396,125.95867,-29.316582,27.676846,-5.572692,-7.540626,-7.2828712,-4.593754,-19.616438,-9.408685,-4.7733846,2.3373487,-14.8603525,6.1807337,-6.902191,-1.1494328,-10.921999,-1.6413125,-4.4813614,3.8750062,-2.979883,3.5390484,-1.3032076,2.2258039
916,/content/drive/MyDrive/Final Project/D_6/I_5/33-Musa_Marufi_(Renghay_e_Dastgahe_Chahargah).mp3,5.0,6.0,22050,"[ 4.1772985e-01  5.9416485e-01  4.9677962e-01 ...  6.5965833e-06
 -3.9727834e-06 -3.2371913e-06]",0.21442226,2005.7837585092425,4706.153927737129,12.271134,0.21526481,0.09373622619887165,0.5223596500122434,0.2600911353458413,0.14225043393030876,0.012350879808217457,0.015083594570739092,0.1258337994074249,0.07739452676450838,0.03565786921123817,0.02355838051448567,0.0357948009263299,0.1561706536443344,0.059335008512692716,0.02894721375569392,0.10267549248853469,0.017309520599926027,0.002265147246939475,0.008341893177831558,0.0452971053465095,0.22907594410810633,0.6265322471867304,0.725378,0.39687693,0.31044456,0.19335946,0.17108287,0.30117023,0.24533172,0.18882115,0.19623883,0.21048689,0.32460877,0.22308499,0.17817172,0.26961374,0.17927213,0.14580742,0.15357313,0.22577077,0.37030023,0.93935406,0.013969998738748608,-0.10262924666666481,0.2338569060797294,0.11276038940518657,-0.07290529074515747,0.05769352651172493,-93.44034,94.00582,9.711291,17.004887,-28.347075,-1.2298007,-17.758657,-1.2030759,-12.056175,4.3935266,-4.6916656,6.622643,-8.811661,0.90444046,-11.17374,6.3558955,-0.6992385,2.611524,-2.82827,3.2428997,1.9653896,10.02714,-1.8027934,7.7487493
917,/content/drive/MyDrive/Final Project/D_6/I_5/reng4gah.mp3,5.0,6.0,22050,"[-1.6236302e-01 -2.3492934e-01 -1.6327347e-01 ...  5.8603314e-06
 -8.5485826e-06  3.1882130e-06]",0.2182808,2005.7837585092425,4149.124359587305,7.928912,0.16551764,0.08472548863097747,0.46740755200556283,0.2600506006140552,0.16419264839105419,0.01937249975192013,0.0359243970195588,0.10470083044137204,0.07304990865851622,0.04222499859639263,0.024397885007886998,0.024427250240358744,0.09632972722420424,0.21197662983559976,0.06636299154745133,0.10235936085179317,0.019632700094225707,0.002428504717341975,0.00655136728586961,0.03760317836483818,0.1824612371238884,0.6254897403872224,0.6502003,0.42501915,0.3372324,0.2149154,0.22051941,0.2916561,0.24761218,0.18717436,0.17534095,0.18870804,0.26525027,0.39178142,0.24335693,0.27818707,0.18452442,0.15936856,0.16744646,0.22729446,0.3323403,0.9261309,0.016170388141096895,-0.05866341323885745,0.20073974382633333,0.1287275962650261,-0.03765968702398027,0.0526499265248388,-126.5558,98.10505,1.532042,14.729051,-24.779982,-1.2520068,-15.560571,-1.1068728,-12.434424,4.9041214,-6.74509,4.3665605,-4.1895523,1.7214009,-7.9029617,8.340179,1.2767031,5.9666305,-3.0899782,2.240362,0.64880747,8.998517,1.3407441,7.7111497
918,/content/drive/MyDrive/Final Project/D_6/I_5/hezardastan.mp3,5.0,6.0,22050,[0.05902127 0.10683892 0.1109565  ... 0.         0.         0.        ],0.18684462,2005.7837585092425,3289.092967135847,1.5530447,0.079518534,0.09178454466540405,0.6382460122732196,0.3260077838113554,0.1636805228523208,0.0582698290023803,0.054940571542855254,0.11999473296187495,0.20718285262772876,0.13708192504399724,0.04287452028573934,0.06526664539140777,0.05290089808794003,0.01304545357900871,0.06062009852378432,0.011224391544886901,0.11960004330614445,0.0,0.004328459713895379,0.0025404289719484757,0.15082354816104887,0.387778916621784,0.9068136,0.49501568,0.35939172,0.26765025,0.25745043,0.3243041,0.39705235,0.32579097,0.25085837,0.27575502,0.2341159,0.18805559,0.24988252,0.18566716,0.30394778,0.12759511,0.1519948,0.18787569,0.33646867,0.5434274,0.05008728824290761,0.04735376170223458,-0.013067612785391503,0.2913991439971246,0.03184348712589566,0.06093227150516466,-215.96725,102.30009,-17.191252,1.7871715,3.225489,6.8084245,14.383067,16.020079,-11.225426,18.066381,-1.1859071,14.932692,-10.779233,-4.73211,-14.150765,0.5715627,-3.8747087,-9.336082,-10.834375,1.572704,-1.3880775,6.0660214,1.904319,5.5535336
919,/content/drive/MyDrive/Final Project/D_6/I_5/Y2Mate.is - سلام  شاهکار استاد حسن کسایی در دستگاه چهارگاه-rhTRYweQmkg-160k-1655956101899.mp3,5.0,6.0,22050,"[-0.2382904  -0.38733014 -0.35259932 ...  0.          0.
  0.        ]",0.21310481,2005.7837585092425,3411.019633924616,3.6671388,0.11533229,0.08130018366066155,0.3311551533301803,0.20103088549572454,0.0786829228470523,0.1623066300192607,0.06936904615760785,0.04332354406590145,0.0834056781067527,0.24078840346114513,0.12937438411101124,0.10436914321564761,0.014807784698072457,0.022496638318609107,0.22772908856882118,0.06570410495667672,0.08550116598568475,0.10230676186122434,0.04088217642826453,0.239893738745002,0.36530671955425104,0.3227153973256733,0.563711,0.43807587,0.30069682,0.39495048,0.29583004,0.2590352,0.30398244,0.47905895,0.33573368,0.32025546,0.21777122,0.22461346,0.45426163,0.29624557,0.3170177,0.33180374,0.26803634,0.46775162,0.6031756,0.54948944,0.07807830118460349,0.04420679746072352,0.056820047355151476,0.10056029657288086,-0.020744125235135708,-0.029792973620055726,-148.85191,119.43677,-12.382073,19.81768,-16.529215,1.668578,-9.182602,-2.7732277,-13.033586,3.7460592,-7.8461323,-1.6178854,-8.623303,-3.7951121,-11.314075,0.77316475,-6.301982,-1.5256538,-4.891299,2.0484426,-5.013731,-0.029999908,-3.1714969,4.105152
920,/content/drive/MyDrive/Final Project/D_6/I_5/Shahram_Nazeri-Dastgah_Chahargah-(WWW (mp3cut.net).mp3,5.0,6.0,22050,"[-0.02127376 -0.05706162 -0.08845942 ... -0.10389622 -0.01269952
  0.        ]",0.19707152,2005.7837585092425,4829.852799604717,1.8920257,0.08062781,0.09411237236928845,0.18967826453145264,0.19720014681524392,0.072384461764087,0.04313703708509241,0.2469769780759833,0.30113084483406266,0.16858691015946456,0.14800173539528003,0.03605768327204475,0.071879181346048,0.1981604283784753,0.05301306958822856,0.11908466829758814,0.035507360057677885,0.0270244885072375,0.020619214453733197,0.09200510245501364,0.14835913518310886,0.3063466892409021,0.1727158801803608,0.35689253,0.36329615,0.24238774,0.20422748,0.41577366,0.48660657,0.32428282,0.32358176,0.18937701,0.23320241,0.35941336,0.21376738,0.2829254,0.19225283,0.18889816,0.16789569,0.2554317,0.3145872,0.48614195,0.33062622,-0.0440617381256011,-0.0725968320904591,0.21036374787822337,-0.016648633933923067,0.002492267563992893,0.038357293914160075,-203.4074,86.14318,-2.3811657,16.00933,-28.779377,-11.375417,-19.186584,-0.91533333,-31.03058,2.1379068,-5.493944,-5.4095106,-8.211203,1.6288717,-16.056005,-4.085701,-6.2105975,-5.7731605,-8.095421,-3.1390831,-5.7657666,1.8704284,-2.1783333,4.43807
921,/content/drive/MyDrive/Final Project/D_6/I_5/Shahram_Nazeri-Dastgah_Chahargah-(WWW (mp3cut.net) (1).mp3,5.0,6.0,22050,"[-0.0739493  -0.13372253 -0.07763921 ... -0.11109061 -0.15393929
  0.        ]",0.20252797,2005.7837585092425,4740.944257269858,1.3913207,0.068023816,0.11192032286091654,0.22426300436634447,0.2067168018675734,0.08247976932868958,0.03964634273089986,0.20771036913591873,0.2620557593491911,0.12716323171411345,0.09339486501928317,0.01908243169516535,0.09472489369522917,0.26006792405836027,0.0507882714266782,0.13432242700437894,0.01932924063938176,0.03467672818669432,0.010999260033652553,0.06844393753151205,0.1696604826291929,0.3895370891472338,0.1954497188509046,0.4196151,0.38703078,0.26345494,0.2185327,0.39608806,0.45827264,0.29830518,0.26903373,0.18176526,0.27426404,0.44038725,0.23192127,0.31202337,0.18147755,0.20645487,0.17478742,0.25462463,0.34945565,0.60424805,0.36436653,-0.023412647019244347,-0.09022064490781517,0.20875028621001696,-0.03553725411524814,-0.005011335202317056,0.04255168966207762,-194.01627,79.03119,-23.334,15.363042,-29.859018,-8.436739,-20.572802,-5.250399,-19.23024,1.4542661,-7.7596207,-0.82541597,-5.431913,3.1230812,-11.914509,-4.0930176,-11.4753895,-5.1639233,-6.49201,0.37809682,-5.291785,1.8242534,-2.4699883,1.8507618
922,/content/drive/MyDrive/Final Project/D_6/I_5/Shahram_Nazeri-Dastgah_Chahargah-(WWW (mp3cut.net) (2).mp3,5.0,6.0,22050,"[ 0.00925963  0.01320285  0.01464468 ... -0.11981376 -0.14415912
  0.        ]",0.1983327,2005.7837585092425,5034.49695598117,1.9655033,0.08421836,0.10318016342578018,0.284308708078148,0.1752973745985161,0.059412339069972335,0.10993001424523972,0.3156053505331221,0.17009944560099982,0.08542845364913645,0.057123058065359826,0.031053613044406746,0.10551227543408678,0.19154751042249177,0.08292564873308243,0.12367063933414667,0.02587793094078541,0.01960544263558184,0.02769133569438908,0.08851649537528623,0.19123746226819563,0.3629579361962994,0.20648173830256508,0.48602307,0.3565125,0.24468002,0.2890188,0.50169027,0.3568414,0.2601477,0.23669398,0.20546964,0.29011476,0.3646996,0.25686014,0.29931548,0.19801247,0.19697157,0.192754,0.27399233,0.37157935,0.57218814,0.37944025,0.008959749906269082,-0.031012672030665635,0.19245416790468375,-0.042963316832865674,-0.027283189073719905,0.030882044277329438,-178.5719,87.64125,-4.8113713,18.903982,-17.096167,-7.8765745,-13.952825,3.0197375,-30.364626,4.013794,-6.047922,-1.7261239,-8.196162,2.7581854,-10.857325,-3.258444,-5.5711484,-5.159654,-6.0363474,-2.1530294,-5.89119,-1.1830215,-6.178932,1.095823
923,/content/drive/MyDrive/Final Project/D_6/I_5/Shahram_Nazeri-Dastgah_Chahargah-(WWW (mp3cut.net) (5).mp3,5.0,6.0,22050,"[-0.05243289 -0.08981635 -0.08633839 ...  0.          0.
  0.        ]",0.23984289,2005.7837585092425,5564.732855355454,3.9001954,0.12645921,0.11544073562196001,0.3800313037607945,0.2106229350928999,0.15758795864216488,0.05887796124161663,0.1660972656630214,0.2398419675528482,0.11575494763189899,0.08729651407493115,0.02584363359395724,0.10278719021675492,0.26657781929109625,0.023081507128649602,0.04910845751195917,0.006468502414196375,0.010025063557427657,0.008459431983522236,0.0636991496696967,0.21348933458678265,0.35136187732798957,0.3582095503477043,0.6669062,0.45670474,0.40307283,0.32189354,0.42322448,0.5007767,0.35089648,0.3353243,0.257086,0.3551735,0.5179991,0.2602437,0.2729674,0.22904113,0.27009636,0.2556771,0.33253083,0.46035287,0.62542206,0.61186093,-0.03162935776148978,-0.060265454387008456,0.14744628549309646,-0.0055770731294186434,-0.012071469530280248,0.054460280711763114,-95.97858,85.47311,0.48885104,24.040674,-19.25275,0.26526,-16.506165,1.5190771,-26.622168,3.2761376,-11.244312,-0.09369172,-10.804718,3.5470376,-12.804522,-3.6995125,-11.395876,-4.851965,-9.920828,-1.147644,-4.442915,2.8384347,-7.4747953,2.090657
924,/content/drive/MyDrive/Final Project/D_6/I_5/BiaBia(Motamedi).mp3,5.0,6.0,22050,"[-0.00749011 -0.01501456 -0.01481797 ...  0.          0.
  0.        ]",0.19646496,2005.7837585092425,2553.547602616685,1.1185848,0.058396664,0.06465118508311254,0.03125806471207882,0.06680153994460761,0.20496447645191876,0.20459697615488442,0.1963169752499612,0.0710894242803034,0.13673028744331606,0.32053384140263014,0.21326076273854463,0.13229871962973722,0.060701184640620506,0.02293977791081083,0.04059860907074514,0.06892939469617385,0.16027510310970394,0.3035598287039652,0.21750723938596803,0.12238078688720633,0.046003952913717665,0.06184007011763888,0.18871799,0.22039391,0.38688943,0.3718532,0.3731568,0.22593197,0.29504478,0.51036626,0.38405505,0.29739636,0.21744879,0.16318053,0.18423107,0.22835259,0.3290691,0.49291015,0.38662493,0.2785261,0.19477437,0.21879448,0.07089781624414918,0.03127139337698448,-0.18397156588010957,-0.06400207653029005,-0.009685927556967424,-0.018953185743975406,-259.76163,131.59973,-4.910727,23.288773,-9.632552,-4.645957,-3.1410825,2.816196,-17.39214,4.749018,-7.020095,-0.6468335,0.025792181,-3.124168,-4.9570775,-4.956379,-4.7822328,-6.0328007,-4.0228424,-6.9309244,2.590228,3.8515232,3.665381,-3.9032712
925,/content/drive/MyDrive/Final Project/D_6/I_5/Mogozaram(AlirezaEftekhari).mp3,5.0,6.0,22050,"[-0.03403099 -0.06958746 -0.09055043 ...  0.          0.
  0.        ]",0.1993438,2005.7837585092425,3645.5405821774734,2.2398987,0.0950842,0.10933004761062179,0.06997426144553413,0.12725688065316126,0.26177411970656334,0.19835077941287807,0.21543783830352997,0.05126337864975773,0.09060741956265815,0.23191886885949722,0.15249227632499557,0.2127325008506366,0.07690026887334914,0.0095212097059413,0.018485753961901323,0.09475907626982984,0.1496976274869091,0.19492365100038467,0.1839302926924882,0.15392620241920194,0.12890127536232754,0.08403036946582584,0.24114954,0.28642678,0.44340104,0.35278666,0.38901067,0.20586278,0.2325619,0.39427182,0.2972017,0.37383738,0.21173725,0.13547675,0.15672204,0.26044622,0.30661204,0.36808205,0.35637134,0.3151316,0.28913775,0.24014316,0.022167880076621627,-0.04326229404835783,-0.14262438501043728,-0.07639591939888211,-0.022057478089031867,-0.021891927571538405,-170.8747,108.83529,-27.39694,22.880037,-5.4891453,5.502114,-5.5543346,-3.7202606,-14.676304,3.3013077,-12.138553,-0.2238015,-13.797119,0.16871482,-10.514079,-4.1440406,-8.469512,-3.357015,-8.737412,-2.5292084,-3.411803,8.28068,-3.7614,1.3778121
926,/content/drive/MyDrive/Final Project/D_6/I_5/Jalil_Shahnaz-Chahargah-Taknavazan376-[AudioTrimmer.com].mp3,5.0,6.0,22050,[0.05559846 0.09492625 0.09403121 ... 0.02374786 0.02230254 0.        ],0.16531645,2005.7837585092425,2376.2097497888512,0.6803812,0.045406524,0.07049009109555984,0.2852106130310617,0.10946686963053379,0.006132269098553144,0.041693839846188914,0.2301439502689871,0.04507047129861187,0.05645017308519265,0.020275965299661507,0.01282822551064197,0.0444024181766195,0.12489679653323625,0.0939267057030878,0.3078590914454568,0.17765609360865753,0.23466020694238948,0.22249224258862474,0.1463653538598558,0.15936291632133112,0.21088724275208628,0.3320369772033826,0.48232874,0.30157754,0.15968224,0.24265584,0.42643005,0.23807816,0.23446389,0.20793985,0.18422338,0.2052746,0.30866346,0.27860564,0.51014054,0.36315805,0.42392012,0.43119416,0.32891148,0.34745994,0.38848376,0.5386728,0.0726721981063578,0.03799777283112875,0.11354543043131457,0.07038512215967527,-0.02914811415864811,0.033867332009098826,-301.41956,137.9092,-17.7134,18.119303,-22.805,-1.6164119,-14.53478,-8.880573,-4.283255,-7.8721147,-5.7574177,-10.001076,-4.2773123,-0.50852907,0.966479,13.361792,13.743855,6.1309156,6.2912307,3.7793994,-1.7509849,-1.8583359,-0.17524037,5.668581
927,/content/drive/MyDrive/Final Project/D_6/I_5/tarkibi.mp3,5.0,6.0,22050,"[ 2.5055179e-04  1.9203929e-03  2.6652250e-03 ... -1.4551749e-05
 -4.1122265e-05 -1.5637323e-05]",0.1954691,2005.7837585092425,3494.6652553207696,0.051686656,0.014200464,0.125630488819251,0.014885794938409271,0.09345227828170208,0.19566347425205846,0.4308130201057882,0.15738163475763475,0.13542412520650873,0.18097896057974563,0.11083488627816344,0.024417210927441212,0.11728639833050122,0.2367233161816905,0.11463294884493798,0.1682530223408222,0.026434694669774102,0.04295197221581272,0.3582167992910127,0.021902845595751785,0.24228897049705966,0.07530651352354184,0.025769157931803434,0.15157473,0.2721952,0.36204225,0.6249671,0.31463173,0.29681396,0.35325253,0.28165576,0.17927258,0.29043332,0.42165443,0.2824502,0.34603786,0.17599817,0.19384444,0.5382936,0.1683684,0.41830364,0.235997,0.16700792,0.1644404959109571,0.0010229242331774666,-0.03746596496556296,-0.22346568841493566,0.013836676684160413,0.005400245024402523,-358.61127,96.525185,-59.82394,3.5018377,-22.598648,-8.509636,-13.878747,-4.170088,-8.825907,3.4390764,1.4143786,13.793872,-4.519846,2.238183,-5.7451844,2.9337375,1.2226307,7.000107,0.12217708,-4.0432434,-4.1688876,0.7248448,4.0626273,10.652045
928,/content/drive/MyDrive/Final Project/D_6/I_5/Paliz_Ensemble_ضربی_زابل_در_دستگاه_چهارگاه.mp3,5.0,6.0,22050,"[-0.00473731 -0.00292369 -0.00190942 ...  0.          0.
  0.        ]",0.15965873,2005.7837585092425,3270.7850623172117,2.0620296,0.08422234,0.10791861866334489,0.006445960770651036,0.056395364325084026,0.17665191806480335,0.42034374611686537,0.2526107070438454,0.15473269895153724,0.24955958072364728,0.06389452768532337,0.008545871836194511,0.06152109665558796,0.3083126566586144,0.1405752295230187,0.2000887350233946,0.005030666392811977,0.006485506473046316,0.28305728690189874,0.00860027967637393,0.1174588685822292,0.03202850662295132,0.0019208904012501804,0.11136678,0.18287934,0.30600575,0.5642013,0.390857,0.2724987,0.39357156,0.18812336,0.0992981,0.18369354,0.45184058,0.25047633,0.3275156,0.08657549,0.088372074,0.4172859,0.1062357,0.24089782,0.13523504,0.08366681,0.21683399908632012,-0.011275787309570458,0.023138387254579642,-0.2673303040693809,0.017621059488900363,0.03102205388589128,-213.18477,90.09212,-53.365196,-0.043091454,-20.964838,-15.876357,-21.068394,-10.7768345,-9.587988,1.4647971,4.0968776,11.449384,1.4951779,-3.4019978,-5.343044,2.2282283,-0.16535823,7.295671,6.027097,9.943139,4.0446424,3.3433743,4.4284425,10.0466385
929,/content/drive/MyDrive/Final Project/D_6/I_5/Paliz Ensemble - رنگ چهارگاه.mp3,5.0,6.0,22050,[0.00195807 0.00364901 0.00419628 ... 0.00046071 0.0003924  0.00036108],0.19285414,2005.7837585092425,3543.180874962614,0.0431194,0.012964683,0.1255380289537666,0.014867040451615915,0.09153466616827255,0.19726493918551458,0.42891366668955583,0.16192169631261488,0.13462905229552705,0.18321109688559378,0.11106644335826875,0.024424378750840293,0.11703648497668984,0.23618880478068682,0.11255515172331106,0.17095350521846894,0.026725040287342596,0.04263212089617138,0.35782601503792716,0.021841935005474558,0.2378958023437556,0.0765628988666723,0.02594870985739433,0.1541023,0.27165896,0.36536014,0.62380266,0.32001528,0.2960037,0.35597047,0.28413528,0.18057676,0.29179552,0.42205492,0.28050727,0.34877473,0.17826541,0.19558743,0.53832525,0.17057353,0.41628268,0.23914592,0.16906936,0.16382701274781455,0.0009184831724922158,-0.03770961951242757,-0.2223265025741419,0.01350817880461132,0.005196857211622534,-365.42236,94.92515,-58.658287,2.6320536,-22.719198,-8.218744,-14.376163,-3.6456745,-9.234217,3.3855937,1.1703408,13.558304,-4.399472,2.465997,-5.8224597,3.148762,0.90517545,7.211908,-0.17549053,-3.5528665,-4.270709,0.9554909,3.9152308,10.665626
930,/content/drive/MyDrive/Final Project/D_6/I_5/ضربی_بداهه_در_چهارگاه_محمد_معتمدی.mp3,5.0,6.0,22050,"[-1.1798031e-01 -1.6024084e-01 -1.4757204e-01 ...  6.0072057e-06
 -3.3151607e-06  5.8286332e-06]",0.1926259,2005.7837585092425,4925.651011851319,4.8454595,0.12819096,0.11531459397898187,0.18585417147037658,0.07104307022433996,0.20177784084580402,0.21958801936359473,0.09339335031722525,0.10993482679458175,0.25769639631473884,0.15158804408137025,0.13405100844294432,0.05618324758198605,0.08907784280180502,0.14906477896610473,0.19070184871060852,0.24033436400488356,0.2488891948438374,0.14038259601985187,0.041887489292637456,0.019961791661919664,0.07841733682786409,0.09767053732625142,0.37303472,0.24204944,0.38248014,0.39308473,0.27068093,0.27725193,0.43229237,0.31502137,0.31199923,0.24360126,0.26659265,0.32655257,0.36362195,0.42955226,0.4281383,0.3185118,0.20136815,0.17491964,0.25164688,0.27268422,0.07020356797396113,0.011345926133392768,-0.0329153940427542,0.15231719462461105,-0.012514355358777257,-0.012617174700945135,-150.87733,69.52648,-19.000021,19.900658,-16.973627,-12.161147,-6.8688984,4.246433,-25.333271,13.553181,-3.8526907,9.799867,1.0866016,4.7382693,-16.531225,-3.94293,-14.276572,-4.8488235,-12.761618,-0.7805597,0.89100564,7.4826484,-7.0650454,4.1981997
931,/content/drive/MyDrive/Final Project/D_6/I_5/Paliz Ensemble - چهارمضراب چهارگاه.mp3,5.0,6.0,22050,"[ 1.40842378e-01  1.93971664e-01  1.03200175e-01 ...  5.21585480e-06
  6.29511987e-06 -6.85953182e-06]",0.17108014,2005.7837585092425,3579.5143993428483,3.6527443,0.12694451,0.12715747859860493,0.0070447765066883085,0.09383665011374935,0.1642352671050582,0.46614907958470087,0.17827317796018743,0.10501433634091639,0.12395476681493328,0.15439844264892427,0.04318950543123542,0.1318659967897587,0.14535897289538816,0.07310461678958727,0.10857140408270292,0.033532007668214306,0.030944099570802668,0.43711671541785707,0.01779751694481201,0.19381340326793173,0.03125840159422923,0.0025952499006433897,0.09415988,0.20941812,0.28371435,0.62058204,0.2800518,0.21229295,0.23743889,0.27338797,0.14489698,0.2616042,0.25772887,0.18621351,0.21415669,0.12161536,0.1381716,0.5717725,0.11809217,0.3124936,0.1324521,0.09256385,0.2645678302223834,0.013451247272370749,-0.13638384236218046,-0.21453495625909738,-0.0028957779241200582,0.0016181685813459533,-157.57135,78.34987,-62.39986,-0.74141026,-26.982275,-17.212475,-26.48873,-14.63382,-14.710096,0.48892063,0.29756454,6.8020525,-0.49761045,5.213656,-3.7025914,7.480222,-1.12169,8.087514,-3.207838,2.948967,-2.453062,5.0587187,5.558175,9.680385
932,/content/drive/MyDrive/Final Project/D_6/I_5/index.html_attid=89139_VALID=TRUE_q=11.mp3,5.0,6.0,22050,[0.01363231 0.01890094 0.01574552 ... 0.         0.         0.        ],0.16845834,2005.7837585092425,3655.6522867819244,7.234258,0.14564095,0.07175472634327326,0.058050471400724786,0.15316235120705457,0.2893932245452649,0.07590003066384653,0.15733550170366448,0.37912117265283224,0.2575191515379978,0.08813600221981192,0.19449023722599637,0.16772098547872008,0.16942540010717885,0.06976936567528585,0.05991868448338208,0.10685969297615601,0.1433353775137915,0.03482476988767919,0.08687010016086293,0.019362405998927225,0.014265774461980692,0.011438131037794435,0.19658747,0.2795022,0.4463898,0.20843963,0.2961875,0.51236373,0.38265538,0.23007417,0.34055808,0.2960977,0.2963724,0.19881685,0.19557343,0.23831436,0.27555674,0.1583177,0.21674854,0.14103393,0.13609448,0.12838696,-0.17882133220406707,-0.08111261112708291,-0.06161402438237785,-0.009005718415918695,0.010642074951832699,0.02616962276806014,-196.14915,103.44814,-24.277943,31.62174,-33.934246,0.1756836,-17.175293,-6.1945763,-15.381685,-3.5503666,-9.480565,-12.330733,-4.1228986,-12.66149,-7.508223,-9.225013,3.204847,-8.693128,3.1502914,-5.4283147,-3.1885781,-1.8170633,-8.799726,-0.901071
933,/content/drive/MyDrive/Final Project/D_6/I_5/index.html_attid=260045_VALID=TRUE_q=11.mp3,5.0,6.0,22050,"[ 0.00044959  0.00024536 -0.00042842 ...  0.          0.
  0.        ]",0.2150134,2005.7837585092425,2968.8491725722533,1.0000906,0.06109958,0.10212332686369172,0.37062876666707983,0.1244195406006674,0.13036795687436806,0.21257894147142103,0.23280429628586097,0.26288084557320446,0.2952796563908997,0.2279147350518213,0.15274598840998124,0.11753877519892618,0.04168153349217212,0.012941842154079446,0.13290287694766542,0.005253275656608483,0.1413158225014063,0.05016078433772324,0.02863165252673614,0.02546745557789227,0.18680725029630973,0.11861241017717411,0.6271471,0.33968425,0.36336413,0.4370837,0.46405628,0.5029476,0.514034,0.46388116,0.38041985,0.34466574,0.24563032,0.18990788,0.34317964,0.18593463,0.3533534,0.2609793,0.23828487,0.23409198,0.4122369,0.34319258,0.06118372645528255,0.07033458625457677,0.06386969105063267,0.16729440288753458,-0.021090559585422018,0.018458559149961005,-232.68979,127.93048,-63.577003,17.409748,-34.134323,-0.0260538,-18.830769,-10.905616,-15.776558,-13.458609,-3.036805,-9.641091,-1.5896882,-5.723037,0.39719227,-10.739351,-5.8351555,-6.1852894,-0.6803408,3.0225194,2.7528672,4.376704,1.1451762,1.2807196
934,/content/drive/MyDrive/Final Project/D_6/I_5/index.html_attid=201723_VALID=TRUE_q=11.mp3,5.0,6.0,22050,[0.01698053 0.03542731 0.03751102 ... 0.         0.         0.        ],0.23704222,2005.7837585092425,3147.7912643419313,1.1042315,0.064858854,0.0895397981146469,0.2825897907365617,0.10428155625849593,0.19957756073301136,0.33050016818866995,0.249622435178328,0.18937335841280162,0.23123293552666485,0.16061622945668486,0.09769046588383051,0.012741113160056487,0.023199517267055946,0.1290014938715268,0.058728309517539566,0.09165695113302398,0.14939960207763794,0.10888237156127416,0.1294658194565361,0.05521110506588749,0.11477561486588754,0.25001460216350907,0.5282097,0.3486212,0.45190987,0.5881746,0.49207464,0.42778063,0.48026165,0.4083503,0.33331618,0.23163295,0.24010763,0.3616478,0.2860142,0.31806618,0.39332652,0.33138835,0.36061418,0.28277853,0.35859525,0.5049525,0.05248828604304081,-0.0076560747261951246,0.05760936747121747,0.051037758665165925,-0.021988098583807184,-0.006930244799483422,-215.00296,156.47229,-52.49045,42.702404,-31.691267,11.42871,-11.849542,-5.328527,-8.900583,-9.279386,-1.8339752,-13.383475,1.7053391,-11.465633,-3.5401654,-11.4829445,-9.529576,-7.0614223,-2.9265993,0.5396208,-2.1273005,0.63073814,-4.8279233,3.1636326
935,/content/drive/MyDrive/Final Project/D_6/I_5/index.html_attid=376959_VALID=TRUE_q=11.mp3,5.0,6.0,22050,[0.00877355 0.00924231 0.00191416 ... 0.         0.         0.        ],0.2151886,2005.7837585092425,2974.4383100156333,3.6102097,0.11651707,0.10211540712822867,0.3670337669768383,0.1280669937064205,0.12909967707833658,0.21204354753071045,0.23345617592363727,0.2660493867052478,0.29392108623495966,0.23024624010742456,0.15273861545229614,0.12077963486998215,0.041132645456171235,0.01336826820670955,0.133880066565097,0.005466224438749427,0.13952852894323986,0.050931408921342416,0.029270541036092407,0.025119854643504483,0.18281976949225215,0.12179325869220033,0.6243414,0.34276128,0.36304173,0.4391129,0.46711662,0.50709265,0.5150003,0.4679693,0.38115507,0.35023177,0.24724984,0.19117123,0.34587878,0.18765326,0.35289496,0.26347995,0.23979862,0.23557603,0.41013545,0.34715566,0.05984168555840953,0.06981861599539892,0.06462839154039081,0.16621554552609813,-0.02140304050126925,0.01792982074971733,-169.10968,129.15034,-64.79378,18.280462,-34.773144,0.50434786,-19.198847,-10.645542,-15.89033,-13.464144,-2.8877645,-9.761038,-1.4889994,-5.914109,0.5740018,-10.824114,-5.6867194,-6.2582154,-0.62724334,3.0333445,2.748279,4.499128,1.0822204,1.4341353
936,/content/drive/MyDrive/Final Project/D_6/I_5/index.html_VALID=TRUE_attid=260045_VALID=TRUE_q=10_g=333678_t=1_w=4.mp4,5.0,6.0,22050,"[ 0.00018636 -0.00055677 -0.00092338 ...  0.          0.
  0.        ]",0.21666326,2005.7837585092425,3161.0536158012287,1.1001714,0.06410768,0.10371062604196869,0.37041130986773385,0.13451824134613763,0.1293297863501085,0.21297341778934076,0.23200230328179877,0.26180022666751207,0.29263375544875375,0.23136519556915033,0.14988088339255692,0.12120960825600671,0.041510188252537564,0.012975538897146163,0.13756065297658038,0.005090603201586515,0.14017740715482732,0.05178697358171434,0.028249490935321604,0.024532120198486954,0.18001106706550155,0.12053263579682881,0.6301824,0.35097554,0.3673401,0.44271654,0.46770084,0.5054347,0.5170014,0.4727369,0.38145524,0.3540598,0.251189,0.19594955,0.35279423,0.19262618,0.3575273,0.2693549,0.2422674,0.237957,0.41168603,0.3515738,0.06136582455074202,0.069727131566534,0.06296218794185342,0.16609292027455272,-0.020354194770725045,0.01812921677455228,-213.35568,109.27679,-44.54586,5.428835,-24.547586,-5.0836105,-16.17717,-9.560286,-18.323189,-7.664067,-9.241886,-1.7828708,-8.833682,2.2334173,-6.5111194,-3.6266508,-11.26053,-1.683256,-3.2565768,5.7794833,1.8097883,4.6442304,1.5750338,0.9655908
937,/content/drive/MyDrive/Final Project/D_6/I_5/index.html_attid=319066_VALID=TRUE_q=11.mp3,5.0,6.0,22050,"[-0.07235759 -0.10851514 -0.08467574 ...  0.          0.
  0.        ]",0.2321675,2005.7837585092425,3452.8318978918746,1.8310171,0.08351962,0.09783618821327546,0.3598695705808136,0.26674105372773277,0.2155944423530941,0.15330563949549672,0.09956673434786903,0.10887741447874003,0.16403020376824862,0.05864332864441264,0.06574133206814273,0.0407517538580842,0.051486389787308066,0.33313182358168303,0.2707076870060248,0.21522077964018155,0.15084404278642233,0.006988475357105371,0.006039549180347415,0.045025998937753955,0.15627157785630555,0.28415555527130903,0.62436885,0.5171957,0.4767391,0.40325668,0.35462853,0.35482818,0.4189559,0.2685738,0.3007223,0.30111775,0.3000803,0.5883497,0.5172843,0.4570271,0.40673646,0.24474372,0.24308676,0.29349917,0.4130975,0.5426735,-0.008415097984835552,0.031560721040272625,0.11933090788579018,0.09426394382460251,0.011597042706133744,0.0015154586198088097,-164.81364,140.09584,-54.822388,36.87942,-37.92224,19.55903,-21.16625,1.7410545,-9.769452,-9.100566,0.28464586,-12.739173,5.6207185,-12.339008,3.494474,-7.09336,-4.9180408,-7.3865786,-2.4952352,-1.4710051,-8.023173,0.28087673,-3.2611537,1.5193821
938,/content/drive/MyDrive/Final Project/D_6/I_5/index.html_attid=186919_VALID=TRUE_q=11.mp3,5.0,6.0,22050,"[-0.04608903 -0.03085293  0.0325994  ...  0.          0.
  0.        ]",0.22396763,2005.7837585092425,1919.605661450947,1.3329656,0.07197955,0.06321825617909238,0.22215359734470974,0.11289224062471945,0.07640800521890163,0.03557027116267843,0.01744300741909764,0.0351322388906603,0.1417220146205868,0.1153460705054545,0.25672879471666454,0.014023008767973601,0.006961991538797556,0.2876295751821498,0.17273369597378613,0.19664400611858504,0.0809975941641796,0.17227902615546595,0.1722927582077762,0.0875774207301211,0.16552359909530837,0.21703313751454048,0.38831663,0.2572242,0.20843151,0.16650245,0.14089791,0.16266815,0.30363774,0.24906047,0.43102702,0.13758636,0.13221025,0.47211894,0.3098146,0.36703175,0.23436032,0.31721097,0.32765704,0.25015208,0.32695898,0.3884973,0.048259270720600426,0.051594527049882905,0.061805122808101375,0.11763097295742064,0.019386484977712132,-0.01703038245352822,-254.31479,187.25085,-30.948425,16.6269,-2.6770458,1.3419693,0.70646745,-7.218957,-2.2080407,-14.1257925,-10.554719,-6.6035433,-2.4165957,-6.3129797,-6.2086444,-6.8924427,-11.039351,-4.3692636,-5.6543,-3.1171458,-2.5494661,-9.538236,-8.598121,-4.9611754
939,/content/drive/MyDrive/Final Project/D_6/I_5/index.html_attid=174902_VALID=TRUE_q=11.mp3,5.0,6.0,22050,[0.1007454  0.16157626 0.15609324 ... 0.         0.         0.        ],0.21656524,2005.7837585092425,2331.6468653529673,2.7856047,0.09965448,0.06925434823461583,0.3491656252982335,0.08274157649647393,0.12765503340969153,0.13135382608498394,0.05123373521910976,0.05119309560839788,0.15534134967039284,0.21834714224242385,0.12233728706246479,0.061167508449406605,0.013930311157453837,0.06625626855055901,0.1935131319851497,0.053612884299083605,0.1119860936417486,0.06210797333348103,0.07994343993742627,0.3416435738265675,0.3783313729530823,0.27375515329721717,0.5901782,0.3082576,0.3544711,0.36186925,0.27440953,0.26975015,0.3763284,0.45063242,0.33821848,0.2634007,0.20684241,0.28497216,0.41457212,0.2796465,0.33788437,0.282793,0.30450177,0.5772089,0.61420345,0.487958,0.07705956854499811,0.05325270116028945,0.07428636371523635,0.10302528497640706,-0.01488217387692435,-0.032190688233692075,-208.64622,162.45183,-24.814106,35.79406,-23.92,1.7343985,-5.406277,-12.35481,-6.525233,-5.457626,-0.79900557,-11.069997,-2.2975216,-8.995512,-8.855162,-3.2490873,-3.8628223,-5.1837597,-2.823779,-1.5243976,-1.8039795,-3.3388033,-2.1258051,1.5082306
940,/content/drive/MyDrive/Final Project/D_6/I_5/index.html_attid=323747_VALID=TRUE_q=11.mp3,5.0,6.0,22050,"[ 0.06218624  0.05158057 -0.01018402 ...  0.          0.
  0.        ]",0.192725,2005.7837585092425,3199.288872694211,1.5438535,0.08076301,0.12187279341006799,0.36615276922843354,0.09643724302601894,0.16003802055008717,0.07748265953414465,0.034743790016338594,0.05897876253578178,0.11045879970715505,0.10004516858755942,0.1408973714294256,0.0365852930717771,0.20532726646085245,0.20627017316601526,0.16511527341910606,0.2538984486965178,0.09726069020723724,0.019336377997599578,0.02088225274840325,0.03272731433938923,0.17344277395270732,0.13895919355766295,0.5486238,0.24590436,0.32250768,0.22892773,0.18196294,0.20809974,0.26636592,0.26244769,0.30310538,0.18994057,0.36889508,0.36729664,0.3195405,0.42632636,0.24052212,0.15577881,0.15051302,0.17277007,0.35183963,0.27215958,-0.007868028013595088,0.03706913810124897,0.061322213621715235,0.19684377808006098,-0.011620025650273712,0.0016886703653031638,-208.62177,139.09624,-77.623566,40.913586,-19.642157,4.314871,-5.6595664,-1.5881946,-3.6548262,2.86407,-2.162424,-5.4153996,1.6527464,-11.984638,2.250744,-5.9999976,1.2679673,-1.2782906,-0.1569813,-0.9384596,-5.651276,-5.019728,-5.8484216,-0.5655268
941,/content/drive/MyDrive/Final Project/D_6/I_5/index.html_attid=403260_VALID=TRUE_q=11.mp3,5.0,6.0,22050,[0.03548673 0.07686048 0.08404432 ... 0.         0.         0.        ],0.19819959,2005.7837585092425,2782.50042328967,1.4843211,0.07173377,0.08226185298239987,0.030129911385040866,0.0882146178753377,0.13265473580296172,0.2888896257239519,0.25499514933699596,0.16986390449058247,0.17696077720953804,0.15078791395524496,0.13209598096175174,0.19307834048154535,0.24125387423476133,0.1257544399668013,0.10456747321903281,0.06839130498533601,0.09304802564191895,0.22553383531354187,0.11704426268838815,0.11748869598143172,0.09607215752250904,0.021675607123524263,0.19749585,0.26031375,0.30154574,0.48588872,0.43192998,0.34811708,0.3672408,0.32204255,0.3016969,0.36588213,0.42088598,0.29212183,0.27642092,0.23634562,0.25430322,0.3879158,0.27255115,0.2807137,0.257113,0.17467476,0.10074466763419901,-0.025704010896770893,-0.04479645088487123,-0.17229119255061545,-0.015943573489900043,0.0189826819514821,-228.30034,150.70135,-43.98606,24.706861,-30.011824,-5.276095,-3.456659,-4.2625766,-7.849013,-6.414946,1.2187288,-14.188733,2.6241434,-8.272463,-5.176401,-1.3784356,-8.655455,0.3343022,-4.0522614,-6.6861486,-5.399802,1.8257222,0.5732575,-1.8789163
942,/content/drive/MyDrive/Final Project/D_6/I_5/index.html_attid=403264_VALID=TRUE_q=11.mp3,5.0,6.0,22050,"[-0.02613533 -0.0422999  -0.03380829 ...  0.          0.
  0.        ]",0.24307017,2005.7837585092425,3242.5457865639914,1.094904,0.066645965,0.09938481730569679,0.4495709244524948,0.19051528757935546,0.18238379339204994,0.22206943254977848,0.12686328045059553,0.06637687789905634,0.0738264421784636,0.06874270561938689,0.09570955662735807,0.055545388474949,0.05499991474017864,0.17480984988908138,0.2761284282982887,0.2543976902658866,0.10774511864742482,0.023767033157859656,0.05903896983698119,0.06100095336187382,0.11202997207342617,0.2300966149597059,0.746132,0.44838285,0.45899937,0.4681175,0.38278285,0.33042297,0.3386603,0.32439595,0.34338668,0.30795315,0.31042054,0.42505437,0.53367686,0.51898414,0.3697238,0.277917,0.31855378,0.3153007,0.3821575,0.4689899,0.002048573544993728,0.1118368886352476,0.05290600373596641,0.14264515995033356,0.002163965350932645,-0.005467640491283308,-205.93787,155.8184,-52.543713,55.93735,-26.18348,14.347735,-7.7105346,3.4016728,-5.7612667,-6.2085195,7.5189276,-11.119051,4.1747713,-2.7159762,-0.20223178,-7.1969624,-3.012754,-7.06704,-1.3232566,1.140125,-5.556938,-3.3143198,-7.93037,1.3575066
943,/content/drive/MyDrive/Final Project/D_6/I_5/index.html_attid=401664_VALID=TRUE_q=11.mp3,5.0,6.0,22050,[0.23307507 0.26781213 0.03359156 ... 0.         0.         0.        ],0.22564314,2005.7837585092425,3357.4429111168033,7.08394,0.16641134,0.11510133837090164,0.4451917079874727,0.2572171361481074,0.2121547353622043,0.06472213732471616,0.03999995251617374,0.07954692865145907,0.14816416395718493,0.15411329505615562,0.0829266646751777,0.04431646543777419,0.026186607635929428,0.06413055924340819,0.21424642873637897,0.12426037477679193,0.06056558991658693,0.04940222900207583,0.10264940262588279,0.1300418085432693,0.3732580314845939,0.30617990131865747,0.68458587,0.4660936,0.44866392,0.29516286,0.25406435,0.29412663,0.37765846,0.37953052,0.31346056,0.2740628,0.24790496,0.28876948,0.43405017,0.3603538,0.29313865,0.27248687,0.33018348,0.35805112,0.594767,0.51151025,0.024629185798117632,0.02685312715495249,0.07795037279119213,0.179226983786087,0.020003412276294864,-0.015642504745972168,-146.88019,151.91774,-56.65219,41.413834,-19.685097,-3.1312366,-6.1103277,-3.9683998,-19.240147,2.599027,-10.00271,-11.222226,8.931151,-18.270084,4.677465,-9.680556,-8.231911,-5.6455917,-5.7143035,1.7996422,-5.723562,-1.8866483,-6.2014065,5.773339
944,/content/drive/MyDrive/Final Project/D_6/I_5/index.html_attid=399934_VALID=TRUE_q=11.mp3,5.0,6.0,22050,"[ 0.03013984  0.01690549 -0.03368336 ...  0.          0.
  0.        ]",0.22222453,2005.7837585092425,2625.75976130055,4.699081,0.13421747,0.0698840403045498,0.40486754005808706,0.19382302499193635,0.16814002083631022,0.22481993827790547,0.26413319743676644,0.19320837961950174,0.11485149068334702,0.11362659147807269,0.08873376238362675,0.04778232857207189,0.024560358275216566,0.18758676479913594,0.13824380856336718,0.04221313776564805,0.10294321319094572,0.032749175493019166,0.009230356709932587,0.0636855489793353,0.2320570507002899,0.26968173738329515,0.6776733,0.41049474,0.4105602,0.45204458,0.49972484,0.4152095,0.35093284,0.3342504,0.305866,0.25978673,0.24369694,0.41202492,0.36099955,0.2519286,0.31701925,0.22910668,0.2085351,0.29596382,0.4622072,0.4960548,0.041425228842732795,0.07077973367448658,0.10327490010154247,0.09400503474914448,-0.015103211077647663,0.007483119279787219,-163.18645,166.54123,-39.01326,33.938206,-20.46324,3.801266,-9.579689,5.0423717,-15.177664,0.539208,-0.9519676,-12.899755,6.553505,-7.4167943,-0.13465361,-6.588931,-4.074342,-5.199,1.9989545,-3.7186673,1.5638938,-0.6003709,-7.4078026,5.0183597
945,/content/drive/MyDrive/Final Project/D_6/I_5/index.html_VALID=TRUE_attid=67894_VALID=TRUE_q=10_g=75232_t=1_w=4.mp4,5.0,6.0,22050,"[-0.01472902 -0.01699577  0.01381778 ...  0.          0.
  0.        ]",0.21209073,2005.7837585092425,2830.591781015771,5.8961854,0.15029031,0.08491229236609932,0.13812600444579395,0.1294343834796978,0.06331955799456819,0.2679745810304937,0.1270346666869431,0.12505316945869258,0.21019115203826208,0.027534739199028303,0.02310910605437812,0.05402244522294603,0.07846005492847517,0.1608523165182202,0.22214084258413574,0.08352237712817208,0.1606749864320235,0.14429639342416425,0.06260229353042901,0.22913874251404323,0.35391991556478997,0.1868679679465446,0.34271222,0.3243352,0.25680333,0.47428793,0.31115836,0.30416542,0.3974963,0.18523161,0.18156321,0.22248988,0.25867414,0.34886393,0.42750362,0.25977275,0.36164755,0.33064425,0.25843087,0.403072,0.55968237,0.3782882,0.10110204668299558,0.012201255552260027,0.17489574731525048,-0.04707860039582895,-0.017556145030522937,-0.021681279886354196,-149.7042,145.05342,-22.660479,25.510597,-4.8022246,-4.6351953,-4.4325314,3.9528887,-14.039574,2.313599,-4.3205147,-0.6503482,-3.7543817,-2.970632,-4.3378754,-2.6203306,-5.6102676,-4.466466,-6.8829713,-4.117418,-7.8006797,-1.4528173,-0.1287692,2.7489424
946,/content/drive/MyDrive/Final Project/D_6/I_5/index.html_VALID=TRUE_attid=2973_VALID=TRUE_q=10_g=19159_t=1_w=4.mp4,5.0,6.0,22050,"[-0.03312084 -0.11031599 -0.06850208 ...  0.          0.
  0.        ]",0.23280777,2005.7837585092425,2785.1481362355626,6.1151414,0.14913042,0.08042420312888102,0.2147111561564244,0.03748718729776898,0.04808288077971661,0.35397094666788154,0.21261300908181027,0.11628118299718768,0.026155115546928495,0.012458436127336,0.10610371106005174,0.042204480958536655,0.10821685977990965,0.2847876308885763,0.2991669625016782,0.06996856838076426,0.08251685905028795,0.05384427975622988,0.04065350842657453,0.18533788383720243,0.35785904257938705,0.15657037053954004,0.42566812,0.23120794,0.248147,0.59029686,0.41024438,0.31335366,0.19604549,0.1673008,0.3000874,0.21709529,0.30251223,0.5158183,0.527029,0.23901892,0.2582719,0.23904896,0.22461452,0.36990154,0.5828618,0.3417001,0.13248975356660458,0.1314842147678945,0.20844246803191124,-0.12234606738159226,-0.03094630956604454,-0.04016013547469195,-146.68436,135.27347,-37.471622,36.230453,-20.064585,-8.080502,-10.533949,-11.2466135,-16.956657,-6.5024424,-8.268278,-10.237577,-15.826732,-10.793017,-11.518145,-6.5820575,-8.035374,-9.6356535,-10.283258,-8.789727,-9.748091,-11.184674,-6.241018,-0.9321745
947,/content/drive/MyDrive/Final Project/D_6/I_5/index.html_VALID=TRUE_attid=88617_VALID=TRUE_q=10_g=97973_t=1_w=4.mp4,5.0,6.0,22050,[0.08841918 0.13756894 0.13459106 ... 0.         0.         0.        ],0.20577174,2005.7837585092425,1699.9807907421523,1.1914225,0.057312913,0.051444004927607145,0.2893649598479173,0.16660672573199903,0.040037431748934885,0.011695197400201118,0.029428172869102348,0.08721937596867385,0.08634803008214384,0.07815367707087482,0.06079445706146349,0.0369935859869807,0.14452581255688213,0.12065208473942017,0.07923713179929989,0.16522242145444735,0.02920319359016672,0.023131941481657634,0.05034636926409206,0.2622544246527526,0.446869849914163,0.4514021081917933,0.5009284,0.3896003,0.24549833,0.18791258,0.22272229,0.29280394,0.29825374,0.2840142,0.25556305,0.21554321,0.35242668,0.33088732,0.28264844,0.39175156,0.25521964,0.25030828,0.2694522,0.47159803,0.71140414,0.7039062,-0.012060467017992536,-0.07762567551984964,0.18594297771340657,-0.01437246547844599,-0.02011720907337348,-0.008993244167676854,-304.52393,149.66978,2.525396,-5.1613746,6.52746,-5.9906554,-5.206613,4.6388197,-5.6595817,2.139012,-2.1520379,1.8599523,-5.1313667,0.41388166,2.6111825,7.013976,6.037461,3.0639832,-1.3793468,8.783789,5.797897,6.3546705,0.08516584,2.8012822
948,/content/drive/MyDrive/Final Project/D_6/I_5/index.html_VALID=TRUE_attid=89139_VALID=TRUE_q=10_g=99270_t=1_w=4.mp4,5.0,6.0,22050,[0.01620925 0.02020777 0.01329809 ... 0.         0.         0.        ],0.17113143,2005.7837585092425,5350.504004122372,7.799216,0.15243682,0.08099428913165903,0.05864231636606839,0.15117704738468174,0.29073315051121573,0.07606177567259405,0.1573184813247986,0.382566583570645,0.26222473135651014,0.08823887602012893,0.1952210934864265,0.16845734763625575,0.16874306237594258,0.07058652187673276,0.05969290669761336,0.10582329062180842,0.1436790576390394,0.033785850864726755,0.08792674663595566,0.019473694302749454,0.014006810175383749,0.011049790086470217,0.20426518,0.28524807,0.45113343,0.21496224,0.30160567,0.51836663,0.39078698,0.23578142,0.34683043,0.30230448,0.30016094,0.20422873,0.20190535,0.24292412,0.28139398,0.16336215,0.22540866,0.14867158,0.1417908,0.13495213,-0.17550913058963968,-0.07806857429025323,-0.060397757314749126,-0.007622083353547952,0.010940779573008574,0.025283102727580487,-166.31078,70.236336,6.485684,9.212819,-17.150665,-13.718553,-11.122428,-9.23571,-16.24679,-0.20676519,-15.79947,-5.1560655,-13.168998,-4.675881,-17.894663,-1.8043964,-5.939571,0.04279176,-5.0068846,-1.6924479,-8.022005,-0.54694456,-10.055166,-1.8939701
949,/content/drive/MyDrive/Final Project/D_6/I_5/index.html_VALID=TRUE_attid=260067_VALID=TRUE_q=10_g=333741_t=1_w=4.mp4,5.0,6.0,22050,"[-0.03466851 -0.06456964 -0.06918831 ...  0.          0.
  0.        ]",0.1749471,2005.7837585092425,3046.8615929455177,4.555393,0.12044496,0.09975667871136977,0.39567105041204514,0.14944941529112302,0.10532541832296588,0.17794962317230056,0.07079991452404713,0.08776460026090975,0.3512434443603535,0.24723737138025698,0.06281294642831908,0.026638159204391304,0.03195321211268719,0.09043312616773402,0.205024066825211,0.008082891239414015,0.1299755762812971,0.023788563974076405,0.011029022629235613,0.02377854378041454,0.19185920318064076,0.27924038118957695,0.5992533,0.32085532,0.28794608,0.3682208,0.25530574,0.25788215,0.52916104,0.43163234,0.2350594,0.19318871,0.20014931,0.26400754,0.3779589,0.16999173,0.2982269,0.19419666,0.19736713,0.21895082,0.3633661,0.4448844,0.08178560935524634,0.028223608573954152,0.15578128492933604,0.19455408167959598,0.025772572118539623,0.005941091998031198,-189.0814,114.240585,-35.610188,5.934995,-16.12643,-7.784956,-4.440091,0.8557729,-6.138843,6.6338873,-0.26819953,2.9331906,-2.7657738,-2.062853,-12.102114,-5.4411354,-6.0336676,-5.036888,-8.522078,-1.7733665,-0.42211533,-0.9762328,-0.96947056,8.333908
950,/content/drive/MyDrive/Final Project/D_6/I_5/index.html_VALID=TRUE_attid=260045_VALID=TRUE_q=10_g=333678_t=1_w=4.1,5.0,6.0,22050,"[ 0.00018636 -0.00055677 -0.00092338 ...  0.          0.
  0.        ]",0.21666326,2005.7837585092425,3161.0536158012287,1.1001714,0.06410768,0.10371062604196869,0.37041130986773385,0.13451824134613763,0.1293297863501085,0.21297341778934076,0.23200230328179877,0.26180022666751207,0.29263375544875375,0.23136519556915033,0.14988088339255692,0.12120960825600671,0.041510188252537564,0.012975538897146163,0.13756065297658038,0.005090603201586515,0.14017740715482732,0.05178697358171434,0.028249490935321604,0.024532120198486954,0.18001106706550155,0.12053263579682881,0.6301824,0.35097554,0.3673401,0.44271654,0.46770084,0.5054347,0.5170014,0.4727369,0.38145524,0.3540598,0.251189,0.19594955,0.35279423,0.19262618,0.3575273,0.2693549,0.2422674,0.237957,0.41168603,0.3515738,0.06136582455074202,0.069727131566534,0.06296218794185342,0.16609292027455272,-0.020354194770725045,0.01812921677455228,-213.35568,109.27679,-44.54586,5.428835,-24.547586,-5.0836105,-16.17717,-9.560286,-18.323189,-7.664067,-9.241886,-1.7828708,-8.833682,2.2334173,-6.5111194,-3.6266508,-11.26053,-1.683256,-3.2565768,5.7794833,1.8097883,4.6442304,1.5750338,0.9655908
951,/content/drive/MyDrive/Final Project/D_6/I_5/index.html_VALID=TRUE_attid=306274_VALID=TRUE_q=10_g=394809_t=1_w=4.mp4,5.0,6.0,22050,[-0.0194758 -0.0280036 -0.0236464 ...  0.         0.         0.       ],0.21670099,2005.7837585092425,4257.67520680147,1.9931135,0.07963714,0.0955494238136431,0.30577182973363337,0.2139832335582998,0.15022218295984172,0.32613247309491433,0.18565281951501372,0.1745350918768156,0.15364794827736816,0.03822212174497835,0.03598390293066904,0.07589458170630366,0.11871017087762102,0.18458112874715546,0.2039011223576545,0.06230257572383514,0.09950221998716963,0.06561091881741547,0.02738810235296442,0.07987668244322209,0.19039517688393723,0.16618363209124143,0.5390804,0.44048434,0.3681445,0.56808907,0.40392545,0.40565678,0.38108996,0.2681141,0.25009337,0.29074582,0.34504738,0.41033694,0.43009016,0.27120146,0.31340528,0.28838086,0.22451174,0.28337193,0.42929277,0.38864252,0.07896902984749508,0.05695034000425871,0.1289441133886609,-0.012213190481595509,-0.01361480728646669,0.012686430945731492,-181.33546,100.916855,-4.672522,12.171873,-10.8709,1.1003602,-7.0855584,4.148813,-21.797195,6.943052,-7.088663,-0.37227795,-4.216445,0.38462815,-10.286913,-0.8217005,-13.148314,-3.167903,-7.1812363,-0.9097112,-2.283303,3.7610943,-3.5511532,6.0281715
952,/content/drive/MyDrive/Final Project/D_6/I_5/index.html_VALID=TRUE_attid=408121_VALID=TRUE_q=10_g=530986_t=1_w=4.mp4,5.0,6.0,22050,"[-0.00223704 -0.00278151 -0.00048274 ...  0.          0.
  0.        ]",0.20966268,2005.7837585092425,4227.608186769737,1.2730024,0.07066336,0.10888225645984405,0.17034032352004796,0.37702538286028936,0.3212029382531326,0.10548707789820368,0.14535614511867986,0.17446806057383932,0.0911733414986893,0.07084863816355615,0.02659037903676207,0.05619992083805797,0.21144679209474823,0.09274771835485006,0.15742562647065245,0.10878519832526744,0.02116750113156641,0.00978472250980812,0.04026949181985035,0.12226325036302578,0.31455867355552725,0.21381943584129118,0.36603895,0.5958931,0.5154379,0.30486542,0.3424073,0.38333505,0.27386838,0.25287288,0.20130391,0.23607749,0.40579858,0.28949046,0.36187562,0.29704192,0.20263252,0.17369176,0.22484718,0.32121578,0.546393,0.40746918,-0.05338686199694594,-0.15081432678697426,0.09864820390687117,-0.016865583632590768,0.016819721650417688,-0.012129573812308593,-178.85175,96.36245,-12.18072,17.912537,-14.711815,2.1500251,-16.016718,-5.9680834,-18.696943,-5.055283,-10.871497,-3.3662252,-11.89506,-2.5947578,-10.159957,-0.09708714,-10.808473,-1.0003284,-7.221173,-0.12979086,-1.9561586,1.048283,-5.355116,5.524032
953,/content/drive/MyDrive/Final Project/D_6/I_5/index.html_VALID=TRUE_attid=407337_VALID=TRUE_q=10_g=530218_t=1_w=4.mp4,5.0,6.0,22050,"[-0.00652407 -0.01276762 -0.01692912 ...  0.          0.
  0.        ]",0.22600494,2005.7837585092425,2798.377103096056,3.123911,0.10972343,0.08391444686161736,0.4552531270607515,0.06649607293157858,0.08204789428963692,0.10065377236795793,0.017401871709659893,0.023158543380689064,0.10997624210633918,0.11808689679103261,0.08155091746890838,0.17077276363403257,0.11646948989120645,0.16296497879106525,0.3858024267353021,0.18302971984351318,0.152875470824717,0.03466405652573915,0.07263658324542233,0.18576579186494688,0.20740310040243146,0.23329864428219999,0.7357605,0.2971369,0.29090425,0.32713908,0.2193146,0.21817304,0.34082976,0.35969004,0.31426105,0.40716243,0.34261835,0.38537914,0.6424557,0.41852456,0.3960887,0.2720389,0.31080672,0.42024535,0.44059366,0.45685095,0.05121599957458348,0.15007544973375816,0.12844761845634084,0.12753780002629378,0.022214548814155664,-0.005554201038346511,-167.49913,147.74019,-25.281845,23.266014,-21.348667,2.9460685,-10.880452,-3.9484882,-6.8127565,-2.5028088,-3.3558593,-1.839421,-3.3981998,0.20778738,-6.694742,3.7771885,-6.5387816,-0.03366072,-2.0341988,1.9076393,-1.461561,-5.085061,-8.69179,4.171466
954,/content/drive/MyDrive/Final Project/D_6/I_5/index.html_VALID=TRUE_attid=391929_VALID=TRUE_q=10_g=509667_t=1_w=4.mp4,5.0,6.0,22050,"[-0.05401159 -0.07469723 -0.07279909 ...  0.          0.
  0.        ]",0.22181311,2005.7837585092425,3982.043913773262,4.35493,0.1237291,0.10210746533760831,0.1362003993636532,0.2584111955071478,0.3011270072179215,0.158707617606393,0.15680292981973154,0.20424838997700862,0.142536496830334,0.09809549786690723,0.03413894995635691,0.07439526760889682,0.24537308873376099,0.10440107037401235,0.16474810556895705,0.11440413522642545,0.06754970211992986,0.047604929733362826,0.07012014246768358,0.13385940117919054,0.30754421963569856,0.13410499859012073,0.34257302,0.4702516,0.5074195,0.36091182,0.35803875,0.41641867,0.34760597,0.29805264,0.21362072,0.26889884,0.44616717,0.30972216,0.3747692,0.31693688,0.27385202,0.2156454,0.2653098,0.3339665,0.53475857,0.33514163,-0.02829211303341725,-0.12418196606744317,0.10155489567481327,-0.04010908971211443,0.01191655190531702,-0.0034706823420533137,-138.01085,104.286354,-16.049576,20.359692,-22.007248,-1.2694032,-15.748666,-2.5613987,-23.259344,-5.7017746,-14.092056,-10.2597685,-8.0345335,-2.5038133,-12.373037,-1.9899446,-8.596035,-3.987237,-6.636169,2.4732583,0.109420314,-0.62484366,-6.17974,2.7687073
